{
  "1": 0.04142011834319527,
  "2": 0.08284023668639054,
  "3": 0.11834319526627218,
  "4": 0.15976331360946747,
  "5": 0.1952662721893491,
  "6": 0.23668639053254437,
  "7": 0.27218934911242604,
  "8": 0.2958579881656805,
  "9": 0.33136094674556216,
  "10": 0.34911242603550297,
  "11": 0.3668639053254438,
  "12": 0.378698224852071,
  "13": 0.40236686390532544,
  "14": 0.4437869822485207,
  "15": 0.4556213017751479,
  "16": 0.47928994082840237,
  "17": 0.4911242603550296,
  "18": 0.4970414201183432,
  "19": 0.5207100591715976,
  "20": 0.5384615384615384,
  "21": 0.5443786982248521,
  "22": 0.5562130177514792,
  "23": 0.5562130177514792,
  "24": 0.5621301775147929,
  "25": 0.5680473372781065,
  "26": 0.5739644970414202,
  "27": 0.591715976331361,
  "28": 0.5976331360946746,
  "29": 0.6035502958579881,
  "30": 0.6094674556213018,
  "31": 0.621301775147929,
  "32": 0.6272189349112426,
  "33": 0.6272189349112426,
  "34": 0.6331360946745562,
  "35": 0.6449704142011834,
  "36": 0.6449704142011834,
  "37": 0.6449704142011834,
  "38": 0.6449704142011834,
  "39": 0.6449704142011834,
  "40": 0.6449704142011834,
  "41": 0.6449704142011834,
  "42": 0.6568047337278107,
  "43": 0.6686390532544378,
  "44": 0.6686390532544378,
  "45": 0.6745562130177515,
  "46": 0.6745562130177515,
  "47": 0.6745562130177515,
  "48": 0.6863905325443787,
  "49": 0.6863905325443787,
  "50": 0.6863905325443787,
  "51": 0.6863905325443787,
  "52": 0.6982248520710059,
  "53": 0.6982248520710059,
  "54": 0.6982248520710059,
  "55": 0.7100591715976331,
  "56": 0.7100591715976331,
  "57": 0.7159763313609467,
  "58": 0.7218934911242604,
  "59": 0.7218934911242604,
  "60": 0.7218934911242604,
  "61": 0.7218934911242604,
  "62": 0.7218934911242604,
  "63": 0.7218934911242604,
  "64": 0.7218934911242604,
  "65": 0.7218934911242604,
  "66": 0.7218934911242604,
  "67": 0.7218934911242604,
  "68": 0.7218934911242604,
  "69": 0.7218934911242604,
  "70": 0.7218934911242604,
  "71": 0.7218934911242604,
  "72": 0.727810650887574,
  "73": 0.727810650887574,
  "74": 0.727810650887574,
  "75": 0.727810650887574,
  "76": 0.727810650887574,
  "77": 0.727810650887574,
  "78": 0.727810650887574,
  "79": 0.727810650887574,
  "80": 0.727810650887574,
  "81": 0.727810650887574,
  "82": 0.7337278106508875,
  "83": 0.7337278106508875,
  "84": 0.7337278106508875,
  "85": 0.7337278106508875,
  "86": 0.7337278106508875,
  "87": 0.7337278106508875,
  "88": 0.7337278106508875,
  "89": 0.7337278106508875,
  "90": 0.7337278106508875,
  "91": 0.7337278106508875,
  "92": 0.7337278106508875,
  "93": 0.7337278106508875,
  "94": 0.7337278106508875,
  "95": 0.7337278106508875,
  "96": 0.7337278106508875,
  "97": 0.7337278106508875,
  "98": 0.7337278106508875,
  "99": 0.7337278106508875,
  "100": 0.7337278106508875,
  "101": 0.7337278106508875,
  "102": 0.7337278106508875,
  "103": 0.7337278106508875,
  "104": 0.7337278106508875,
  "105": 0.7337278106508875,
  "106": 0.7337278106508875,
  "107": 0.7337278106508875,
  "108": 0.7337278106508875,
  "109": 0.7337278106508875,
  "110": 0.7337278106508875,
  "111": 0.7337278106508875,
  "112": 0.7337278106508875,
  "113": 0.7396449704142012,
  "114": 0.7396449704142012,
  "115": 0.7396449704142012,
  "116": 0.7396449704142012,
  "117": 0.7396449704142012,
  "118": 0.7396449704142012,
  "119": 0.7396449704142012,
  "120": 0.7396449704142012,
  "121": 0.7396449704142012,
  "122": 0.7396449704142012,
  "123": 0.7396449704142012,
  "124": 0.7396449704142012,
  "125": 0.7396449704142012,
  "126": 0.7396449704142012,
  "127": 0.7396449704142012,
  "128": 0.7396449704142012,
  "129": 0.7396449704142012,
  "130": 0.7396449704142012,
  "131": 0.7396449704142012,
  "132": 0.7396449704142012,
  "133": 0.7396449704142012,
  "134": 0.7396449704142012,
  "135": 0.7396449704142012,
  "136": 0.7396449704142012,
  "137": 0.7396449704142012,
  "138": 0.7396449704142012,
  "139": 0.7396449704142012,
  "140": 0.7396449704142012,
  "141": 0.7396449704142012,
  "142": 0.7396449704142012,
  "143": 0.7396449704142012,
  "144": 0.7396449704142012,
  "145": 0.7396449704142012,
  "146": 0.7396449704142012,
  "147": 0.7396449704142012,
  "148": 0.7396449704142012,
  "149": 0.7396449704142012,
  "150": 0.7396449704142012,
  "151": 0.7396449704142012,
  "152": 0.7396449704142012,
  "153": 0.7396449704142012,
  "154": 0.7396449704142012,
  "155": 0.7396449704142012,
  "156": 0.7396449704142012,
  "157": 0.7396449704142012,
  "158": 0.7396449704142012,
  "159": 0.7396449704142012,
  "160": 0.7396449704142012,
  "161": 0.7396449704142012,
  "162": 0.7396449704142012,
  "163": 0.7396449704142012,
  "164": 0.7396449704142012,
  "165": 0.7396449704142012,
  "166": 0.7396449704142012,
  "167": 0.7396449704142012,
  "168": 0.7396449704142012,
  "169": 0.7396449704142012,
  "170": 0.7396449704142012,
  "171": 0.7396449704142012,
  "172": 0.7396449704142012,
  "173": 0.7396449704142012,
  "174": 0.7396449704142012,
  "175": 0.7396449704142012,
  "176": 0.7396449704142012,
  "177": 0.7396449704142012,
  "178": 0.7396449704142012,
  "179": 0.7396449704142012,
  "180": 0.7396449704142012,
  "181": 0.7396449704142012,
  "182": 0.7396449704142012,
  "183": 0.7396449704142012,
  "184": 0.7396449704142012,
  "185": 0.7396449704142012,
  "186": 0.7396449704142012,
  "187": 0.7396449704142012,
  "188": 0.7396449704142012,
  "189": 0.7396449704142012,
  "190": 0.7396449704142012,
  "191": 0.7396449704142012,
  "192": 0.7396449704142012,
  "193": 0.7396449704142012,
  "194": 0.7396449704142012,
  "195": 0.7396449704142012,
  "196": 0.7396449704142012,
  "197": 0.7396449704142012,
  "198": 0.7396449704142012,
  "199": 0.7396449704142012,
  "200": 0.7396449704142012,
  "201": 0.7396449704142012,
  "202": 0.7396449704142012,
  "203": 0.7396449704142012,
  "204": 0.7396449704142012,
  "205": 0.7396449704142012,
  "206": 0.7396449704142012,
  "207": 0.7396449704142012,
  "208": 0.7396449704142012,
  "209": 0.7396449704142012,
  "210": 0.7396449704142012,
  "211": 0.7396449704142012,
  "212": 0.7396449704142012,
  "213": 0.7396449704142012,
  "214": 0.7396449704142012,
  "215": 0.7396449704142012,
  "216": 0.7396449704142012,
  "217": 0.7455621301775148,
  "218": 0.7455621301775148,
  "219": 0.7455621301775148,
  "220": 0.7455621301775148,
  "221": 0.7455621301775148,
  "222": 0.7455621301775148,
  "223": 0.7455621301775148,
  "224": 0.7455621301775148,
  "225": 0.7455621301775148,
  "226": 0.7455621301775148,
  "227": 0.7455621301775148,
  "228": 0.7455621301775148,
  "229": 0.7455621301775148,
  "230": 0.7455621301775148,
  "231": 0.7455621301775148,
  "232": 0.7455621301775148,
  "233": 0.7455621301775148,
  "234": 0.7455621301775148,
  "235": 0.7514792899408284,
  "236": 0.7514792899408284,
  "237": 0.7514792899408284,
  "238": 0.7514792899408284,
  "239": 0.7514792899408284,
  "240": 0.7514792899408284,
  "241": 0.7514792899408284,
  "242": 0.7514792899408284,
  "243": 0.7514792899408284,
  "244": 0.7514792899408284,
  "245": 0.7514792899408284,
  "246": 0.7514792899408284,
  "247": 0.7514792899408284,
  "248": 0.7514792899408284,
  "249": 0.7514792899408284,
  "250": 0.7514792899408284,
  "251": 0.7514792899408284,
  "252": 0.7514792899408284,
  "253": 0.7514792899408284,
  "254": 0.7514792899408284,
  "255": 0.7514792899408284,
  "256": 0.7514792899408284,
  "257": 0.7514792899408284,
  "258": 0.7514792899408284,
  "259": 0.7514792899408284,
  "260": 0.7514792899408284,
  "261": 0.7514792899408284,
  "262": 0.7514792899408284,
  "263": 0.7514792899408284,
  "264": 0.7514792899408284,
  "265": 0.7514792899408284,
  "266": 0.7514792899408284,
  "267": 0.7514792899408284,
  "268": 0.7514792899408284,
  "269": 0.7514792899408284,
  "270": 0.7514792899408284,
  "271": 0.7514792899408284,
  "272": 0.7514792899408284,
  "273": 0.7514792899408284,
  "274": 0.7514792899408284,
  "275": 0.7514792899408284,
  "276": 0.7514792899408284,
  "277": 0.7514792899408284,
  "278": 0.7514792899408284,
  "279": 0.7514792899408284,