{
  "1": 0.04142011834319527,
  "2": 0.05917159763313609,
  "3": 0.08284023668639054,
  "4": 0.09467455621301775,
  "5": 0.1301775147928994,
  "6": 0.15976331360946747,
  "7": 0.17159763313609466,
  "8": 0.1952662721893491,
  "9": 0.21893491124260356,
  "10": 0.23076923076923078,
  "11": 0.2485207100591716,
  "12": 0.2603550295857988,
  "13": 0.27218934911242604,
  "14": 0.27218934911242604,
  "15": 0.28994082840236685,
  "16": 0.30177514792899407,
  "17": 0.31952662721893493,
  "18": 0.3254437869822485,
  "19": 0.3254437869822485,
  "20": 0.33727810650887574,
  "21": 0.3431952662721893,
  "22": 0.3431952662721893,
  "23": 0.3431952662721893,
  "24": 0.3431952662721893,
  "25": 0.3431952662721893,
  "26": 0.3431952662721893,
  "27": 0.3431952662721893,
  "28": 0.3431952662721893,
  "29": 0.35502958579881655,
  "30": 0.3609467455621302,
  "31": 0.3727810650887574,
  "32": 0.3727810650887574,
  "33": 0.378698224852071,
  "34": 0.378698224852071,
  "35": 0.378698224852071,
  "36": 0.38461538461538464,
  "37": 0.40236686390532544,
  "38": 0.40236686390532544,
  "39": 0.40236686390532544,
  "40": 0.40828402366863903,
  "41": 0.40828402366863903,
  "42": 0.40828402366863903,
  "43": 0.42011834319526625,
  "44": 0.4319526627218935,
  "45": 0.4319526627218935,
  "46": 0.4319526627218935,
  "47": 0.4378698224852071,
  "48": 0.4437869822485207,
  "49": 0.4437869822485207,
  "50": 0.4437869822485207,
  "51": 0.4437869822485207,
  "52": 0.4437869822485207,
  "53": 0.4437869822485207,
  "54": 0.44970414201183434,
  "55": 0.44970414201183434,
  "56": 0.44970414201183434,
  "57": 0.44970414201183434,
  "58": 0.4556213017751479,
  "59": 0.4556213017751479,
  "60": 0.46153846153846156,
  "61": 0.46745562130177515,
  "62": 0.47928994082840237,
  "63": 0.47928994082840237,
  "64": 0.47928994082840237,
  "65": 0.48520710059171596,
  "66": 0.48520710059171596,
  "67": 0.48520710059171596,
  "68": 0.48520710059171596,
  "69": 0.48520710059171596,
  "70": 0.48520710059171596,
  "71": 0.48520710059171596,
  "72": 0.4911242603550296,
  "73": 0.4911242603550296,
  "74": 0.4911242603550296,
  "75": 0.4911242603550296,
  "76": 0.4970414201183432,
  "77": 0.5029585798816568,
  "78": 0.5029585798816568,
  "79": 0.5029585798816568,
  "80": 0.5088757396449705,
  "81": 0.5088757396449705,
  "82": 0.5088757396449705,
  "83": 0.5088757396449705,
  "84": 0.5088757396449705,
  "85": 0.5088757396449705,
  "86": 0.5088757396449705,
  "87": 0.5088757396449705,
  "88": 0.5088757396449705,
  "89": 0.5088757396449705,
  "90": 0.5088757396449705,
  "91": 0.5088757396449705,
  "92": 0.5088757396449705,
  "93": 0.5088757396449705,
  "94": 0.514792899408284,
  "95": 0.514792899408284,
  "96": 0.514792899408284,
  "97": 0.514792899408284,
  "98": 0.514792899408284,
  "99": 0.514792899408284,
  "100": 0.5207100591715976,
  "101": 0.5207100591715976,
  "102": 0.5266272189349113,
  "103": 0.5266272189349113,
  "104": 0.5266272189349113,
  "105": 0.5266272189349113,
  "106": 0.5266272189349113,
  "107": 0.5266272189349113,
  "108": 0.5266272189349113,
  "109": 0.5266272189349113,
  "110": 0.5266272189349113,
  "111": 0.5266272189349113,
  "112": 0.5266272189349113,
  "113": 0.5266272189349113,
  "114": 0.5325443786982249,
  "115": 0.5325443786982249,
  "116": 0.5325443786982249,
  "117": 0.5325443786982249,
  "118": 0.5325443786982249,
  "119": 0.5325443786982249,
  "120": 0.5325443786982249,
  "121": 0.5325443786982249,
  "122": 0.5325443786982249,
  "123": 0.5325443786982249,
  "124": 0.5325443786982249,
  "125": 0.5325443786982249,
  "126": 0.5325443786982249,
  "127": 0.5325443786982249,
  "128": 0.5325443786982249,
  "129": 0.5384615384615384,
  "130": 0.5384615384615384,
  "131": 0.5384615384615384,
  "132": 0.5384615384615384,
  "133": 0.5384615384615384,
  "134": 0.5384615384615384,
  "135": 0.5384615384615384,
  "136": 0.5384615384615384,
  "137": 0.5384615384615384,
  "138": 0.5384615384615384,
  "139": 0.5384615384615384,
  "140": 0.5384615384615384,
  "141": 0.5384615384615384,
  "142": 0.5384615384615384,
  "143": 0.5384615384615384,
  "144": 0.5384615384615384,
  "145": 0.5384615384615384,
  "146": 0.5384615384615384,
  "147": 0.5384615384615384,
  "148": 0.5384615384615384,
  "149": 0.5384615384615384,
  "150": 0.5384615384615384,
  "151": 0.5443786982248521,
  "152": 0.5443786982248521,
  "153": 0.5443786982248521,
  "154": 0.5443786982248521,
  "155": 0.5443786982248521,
  "156": 0.5443786982248521,
  "157": 0.5562130177514792,
  "158": 0.5562130177514792,
  "159": 0.5562130177514792,
  "160": 0.5562130177514792,
  "161": 0.5562130177514792,
  "162": 0.5621301775147929,
  "163": 0.5621301775147929,
  "164": 0.5739644970414202,
  "165": 0.5739644970414202,
  "166": 0.5739644970414202,
  "167": 0.5798816568047337,
  "168": 0.5798816568047337,
  "169": 0.5798816568047337,
  "170": 0.5857988165680473,
  "171": 0.591715976331361,
  "172": 0.5976331360946746,
  "173": 0.5976331360946746,
  "174": 0.5976331360946746,
  "175": 0.5976331360946746,
  "176": 0.5976331360946746,
  "177": 0.5976331360946746,
  "178": 0.5976331360946746,
  "179": 0.5976331360946746,
  "180": 0.5976331360946746,
  "181": 0.5976331360946746,
  "182": 0.5976331360946746,
  "183": 0.6153846153846154,
  "184": 0.6153846153846154,
  "185": 0.6153846153846154,
  "186": 0.6153846153846154,
  "187": 0.6153846153846154,
  "188": 0.6153846153846154,
  "189": 0.6153846153846154,
  "190": 0.6153846153846154,
  "191": 0.6153846153846154,
  "192": 0.621301775147929,
  "193": 0.621301775147929,
  "194": 0.621301775147929,
  "195": 0.621301775147929,
  "196": 0.621301775147929,
  "197": 0.621301775147929,
  "198": 0.621301775147929,
  "199": 0.621301775147929,
  "200": 0.621301775147929,
  "201": 0.621301775147929,
  "202": 0.621301775147929,
  "203": 0.621301775147929,
  "204": 0.621301775147929,
  "205": 0.621301775147929,
  "206": 0.621301775147929,
  "207": 0.621301775147929,
  "208": 0.621301775147929,
  "209": 0.621301775147929,
  "210": 0.621301775147929,
  "211": 0.6331360946745562,
  "212": 0.6331360946745562,
  "213": 0.6331360946745562,
  "214": 0.6331360946745562,
  "215": 0.6331360946745562,
  "216": 0.6331360946745562,
  "217": 0.6331360946745562,
  "218": 0.6331360946745562,
  "219": 0.6331360946745562,
  "220": 0.6331360946745562,
  "221": 0.6331360946745562,
  "222": 0.6390532544378699,
  "223": 0.6390532544378699,
  "224": 0.6390532544378699,
  "225": 0.6390532544378699,
  "226": 0.6390532544378699,
  "227": 0.6390532544378699,
  "228": 0.6390532544378699,
  "229": 0.6390532544378699,
  "230": 0.6390532544378699,
  "231": 0.6390532544378699,
  "232": 0.6390532544378699,
  "233": 0.6390532544378699,
  "234": 0.6390532544378699,
  "235": 0.6390532544378699,
  "236": 0.650887573964497,
  "237": 0.650887573964497,
  "238": 0.650887573964497,
  "239": 0.650887573964497,
  "240": 0.650887573964497,
  "241": 0.650887573964497,
  "242": 0.650887573964497,
  "243": 0.650887573964497,
  "244": 0.650887573964497,
  "245": 0.650887573964497,
  "246": 0.650887573964497,
  "247": 0.650887573964497,
  "248": 0.650887573964497,
  "249": 0.650887573964497,
  "250": 0.650887573964497,
  "251": 0.650887573964497,
  "252": 0.650887573964497,
  "253": 0.650887573964497,
  "254": 0.650887573964497,
  "255": 0.650887573964497,
  "256": 0.650887573964497,
  "257": 0.650887573964497,
  "258": 0.650887573964497,
  "259": 0.650887573964497,
  "260": 0.650887573964497,
  "261": 0.650887573964497,
  "262": 0.650887573964497,
  "263": 0.650887573964497,
  "264": 0.6568047337278107,
  "265": 0.6568047337278107,
  "266": 0.6568047337278107,
  "267": 0.6568047337278107,
  "268": 0.6568047337278107,
  "269": 0.6568047337278107,
  "270": 0.6568047337278107,
  "271": 0.6568047337278107,
  "272": 0.6568047337278107,
  "273": 0.6568047337278107,
  "274": 0.6568047337278107,
  "275": 0.6568047337278107,
  "276": 0.6568047337278107,
  "277": 0.6568047337278107,
  "278": 0.6568047337278107,
  "279": 0.6568047337278107,
  "280": 0.6568047337278107,